Instance Type;GPUs;vCPU;Memory (GiB);Storage (GB);Networking Performance;Physical Processor;Clock Speed (GHz);Intel AVX;Intel AVX2;Intel Turbo;EBS OPT;Enhanced Network;Asia Pacific (Sydney);Asia Pacific (Seoul);Canada (Central);US East (N. Virginia);Asia Pacific (Singapore);EU (Frankfurt);AWS GovCloud (US);Asia Pacific (Tokyo);Asia Pacific (Osaka-Local);US East (Ohio);EU (Ireland);US West (Oregon);US West (N. California);EU (Paris);South America (Sao Paulo);EU (London);Asia Pacific (Mumbai)
r5d.large;r5d.large;2;16 GiB;1 x 75 NVMe SSD;10 Gigabit;Intel Xeon Platinum 8175;;-;-;-;-;-;0.2770000000;0.0000000000;0.6380000000;0.2450000000;0.0000000000;0.0000000000;;0.2370000000;;0.2360000000;0.2520000000;0.2130000000;0.0000000000;;;0.2610000000;
m4.2xlarge;m4.2xlarge;8;32 GiB;EBS only;High;Intel Xeon E5-2676 v3 (Haswell);2.4 GHz;-;-;-;-;Yes;3.9180000000;0.6272000000;3.8120000000;0.0000000000;0.0000000000;1.4400000000;0.0000000000;0.9356000000;1.0766000000;0.0000000000;0.0000000000;0.0000000000;1.4280000000;0.0000000000;1.0676000000;0.5640000000;3.7880000000
t2.micro;t2.micro;1;1 GiB;EBS only;Low to Moderate;Intel Xeon Family;Up to 3.3 GHz;-;-;-;-;-;0.0746000000;0.0750000000;0.0804000000;0.0162000000;0.0192000000;0.0700000000;0.0736000000;0.0252000000;0.0752000000;0.0792000000;0.0172000000;0.0792000000;0.0738000000;0.0000000000;0.0286000000;0.0808000000;0.0724000000
c4.2xlarge;c4.2xlarge;8;15 GiB;EBS only;High;Intel Xeon E5-2666 v3 (Haswell);2.9 GHz;-;-;-;-;Yes;0.9420000000;0.0000000000;0.0000000000;0.0000000000;0.5080000000;1.4620000000;0.0000000000;0.6040000000;0.0000000000;3.4400000000;0.0000000000;0.7660000000;0.6280000000;0.0000000000;0.0000000000;0.0000000000;0.4400000000
x1e.4xlarge;x1e.4xlarge;16;488 GiB;1 x 480 SSD;Up to 10 Gigabit;High Frequency Intel Xeon E7-8880 v3 (Haswell);2.3 GHz;Yes;Yes;-;-;Yes;0.0000000000;;;0.0000000000;;5.4040000000;0.0000000000;0.0000000000;;;0.0000000000;9.6700000000;;;;;
c3.xlarge;c3.xlarge;4;7.5 GiB;2 x 40 SSD;Moderate;Intel Xeon E5-2680 v2 (Ivy Bridge);2.8 GHz;-;-;-;-;Yes;1.7640000000;0.4870000000;;0.0000000000;0.7440000000;0.2580000000;0.0200000000;0.5080000000;0.3490000000;;1.1730000000;0.0000000000;0.2390000000;;2.0090000000;;
r5d.xlarge;r5d.xlarge;4;32 GiB;1 x 150 NVMe SSD;10 Gigabit;Intel Xeon Platinum 8175;;-;-;-;-;-;0.0000000000;0.4920000000;0.3160000000;0.3480000000;0.0000000000;0.5300000000;;0.0000000000;;0.9690000000;1.0030000000;0.0000000000;0.3840000000;;;0.4190000000;
m5d.4xlarge;m5d.4xlarge;16;64 GiB;2 x 300 NVMe SSD;Up to 10 Gigabit;Intel Xeon Platinum 8175;2.5 GHz;-;-;-;-;Yes;0.0000000000;1.1780000000;1.0080000000;6.9040000000;0.0000000000;7.8980000000;1.1440000000;0.0000000000;;0.0000000000;2.9280000000;0.0000000000;1.0640000000;;;0.0000000000;
c5.4xlarge;c5.4xlarge;16;32 GiB;EBS only;Up to 10 Gigabit;Intel Xeon Platinum 8124M;3.0 Ghz;-;-;-;-;Yes;0.0000000000;1.5040000000;0.8740000000;0.0000000000;6.8340000000;0.0000000000;1.6010000000;3.5710000000;;0.6800000000;6.8180000000;0.0000000000;0.9030000000;1.5970000000;7.1190000000;1.8670000000;0.0000000000
g3.16xlarge;g3.16xlarge;64;488 GiB;EBS only;20 Gigabit;Intel Xeon E5-2686 v4 (Broadwell);2.3 GHz;Yes;Yes;Yes;-;Yes;0.0000000000;;0.0000000000;4.5600000000;6.6800000000;8.6440000000;5.2800000000;0.0000000000;;4.6600000000;0.0000000000;4.6900000000;6.2360000000;;;;
m1.medium;m1.medium;1;3.75 GiB;1 x 410;Moderate;Intel Xeon Family;;-;-;-;-;-;0.2170000000;;;0.0870000000;0.1890000000;;0.1060000000;0.1340000000;;;0.7440000000;0.7440000000;0.8400000000;;0.3270000000;;
r3.4xlarge;r3.4xlarge;16;122 GiB;1 x 320 SSD;High;Intel Xeon E5-2670 v2 (Ivy Bridge);2.5 GHz;-;-;-;-;Yes;2.7830000000;0.0000000000;;0.0000000000;8.3320000000;3.5200000000;1.8660000000;1.8860000000;7.7600000000;0.0000000000;0.0000000000;0.0000000000;0.0000000000;;6.4350000000;;3.4400000000
i3.2xlarge;i3.2xlarge;8;61 GiB;1 x 1900 NVMe SSD;Up to 10 Gigabit;Intel Xeon E5-2686 v4 (Broadwell);2.3 GHz;-;-;-;-;Yes;0.0000000000;0.0000000000;0.8920000000;0.8160000000;2.1510000000;0.0000000000;0.0000000000;2.0600000000;2.0600000000;0.7240000000;0.0000000000;0.0000000000;4.1250000000;4.0920000000;1.3580000000;0.0000000000;0.0000000000
r5d.4xlarge;r5d.4xlarge;16;128 GiB;2 x 300 NVMe SSD;10 Gigabit;Intel Xeon Platinum 8175;;-;-;-;-;-;2.2120000000;2.1200000000;1.3400000000;1.2210000000;0.0000000000;0.0000000000;;1.5220000000;;0.0000000000;0.0000000000;0.0000000000;4.0310000000;;;0.0000000000;
m5.large;m5.large;2;8 GiB;EBS only;Up to 10 Gigabit;Intel Xeon Platinum 8175;2.5 GHz;-;-;-;-;Yes;0.6080000000;0.0000000000;0.2070000000;0.0000000000;0.0000000000;0.1150000000;0.1210000000;0.0000000000;;0.1640000000;0.0000000000;0.2610000000;0.0000000000;0.2190000000;0.3130000000;0.0000000000;0.1930000000
r5d.2xlarge;r5d.2xlarge;8;64 GiB;1 x 300 NVMe SSD;10 Gigabit;Intel Xeon Platinum 8175;;-;-;-;-;-;1.2410000000;0.0000000000;0.8200000000;1.9390000000;2.0240000000;2.0620000000;;0.0000000000;;0.0000000000;3.6400000000;0.7060000000;0.0000000000;;;0.0000000000;
m4.xlarge;m4.xlarge;4;16 GiB;EBS only;High;Intel Xeon E5-2676 v3 (Haswell);2.4  GHz;-;-;-;-;Yes;0.0000000000;0.0000000000;0.4060000000;0.2876000000;0.0000000000;0.0000000000;0.5322000000;0.9220000000;0.9478000000;0.2200000000;0.0000000000;0.2676000000;0.4414000000;0.0000000000;0.4174000000;0.2552000000;0.8740000000
i3.4xlarge;i3.4xlarge;16;122 GiB;2 x 1900 NVMe SSD;Up to 10 Gigabit;Intel Xeon E5-2686 v4 (Broadwell);2.3 GHz;-;-;-;-;Yes;0.0000000000;8.2000000000;8.1120000000;7.2480000000;0.0000000000;0.0000000000;8.2400000000;2.3460000000;0.0000000000;2.2660000000;1.7840000000;0.0000000000;0.0000000000;0.0000000000;2.6470000000;0.0000000000;2.5760000000
h1.16xlarge;h1.16xlarge;64;256 GiB;8 x 2000 HDD;25 Gigabit;Intel Xeon E5-2686 v4 (Broadwell);2.3 GHz;-;-;-;-;Yes;;;;3.8440000000;;;;;;4.8260000000;0.0000000000;0.0000000000;;;;;
c5.18xlarge;c5.18xlarge;72;144 GiB;EBS only;25 Gigabit;Intel Xeon Platinum 8124M;3.0 Ghz;-;-;-;-;Yes;0.0000000000;0.0000000000;33.6600000000;7.5890000000;15.4800000000;0.0000000000;0.0000000000;7.1640000000;;6.3720000000;0.0000000000;3.1900000000;30.8160000000;0.0000000000;0.0000000000;30.6360000000;4.2770000000
t2.medium;t2.medium;2;4 GiB;EBS only;Low to Moderate;Intel Xeon Family;Up to 3.3 GHz;-;-;-;-;-;0.1260000000;0.1576000000;0.1112000000;0.1358000000;0.0764000000;0.0716000000;0.0544000000;0.1608000000;0.1208000000;0.0000000000;0.1500000000;0.0464000000;0.1552000000;0.1128000000;0.0744000000;0.1120000000;0.0000000000
m5.12xlarge;m5.12xlarge;48;192 GiB;EBS only;10 Gigabit;Intel Xeon Platinum 8175;2.5 GHz;-;-;-;-;Yes;0.0000000000;0.0000000000;0.0000000000;2.4340000000;0.0000000000;20.7600000000;3.0940000000;3.9850000000;;2.5440000000;0.0000000000;2.4440000000;8.4480000000;20.8680000000;24.0860000000;3.4750000000;0.0000000000
m3.medium;m3.medium;1;3.75 GiB;1 x 4 SSD;Moderate;Intel Xeon E5-2670 v2 (Ivy Bridge/Sandy Bridge);2.5 GHz;-;-;-;-;-;0.3860000000;0.1370000000;;0.0000000000;0.0980000000;0.5590000000;0.0920000000;0.1560000000;0.5860000000;;0.1420000000;0.0670000000;0.0000000000;;0.1550000000;;
x1e.32xlarge;x1e.32xlarge;128;3,904 GiB;2 x 1,920 SSD;25 Gigabit;High Frequency Intel Xeon E7-8880 v3 (Haswell);2.3 GHz;Yes;Yes;Yes;-;Yes;0.0000000000;;;0.0000000000;;85.3440000000;0.0000000000;38.6880000000;;;0.0000000000;0.0000000000;;;;;
r5.4xlarge;r5.4xlarge;16;128 GiB;EBS only;10 Gigabit;Intel Xeon Platinum 8175;;-;-;-;-;-;1.5510000000;0.0000000000;0.0000000000;0.0000000000;3.1360000000;2.2220000000;1.3380000000;1.9520000000;;0.0000000000;0.0000000000;3.6640000000;3.7760000000;1.4540000000;;0.0000000000;
c5d.xlarge;c5d.xlarge;4;8 GiB;1 x 100 NVMe SSD;Up to 10 Gigabit;Intel Xeon Platinum 8124M;3.0 Ghz;-;-;-;-;Yes;0.2520000000;0.0000000000;0.4640000000;0.0000000000;0.4220000000;0.4880000000;0.3000000000;0.0000000000;;0.6840000000;0.2860000000;0.6720000000;0.3560000000;;;1.9290000000;
d2.xlarge;d2.xlarge;4;30.5 GiB;3 x 2000 HDD;Moderate;Intel Xeon E5-2676v3 (Haswell);2.4 GHz;-;-;-;-;Yes;0.0000000000;1.0284000000;0.8350000000;0.8210000000;0.0000000000;0.0000000000;0.9710000000;0.8440000000;0.0000000000;0.7590000000;0.7350000000;0.0000000000;0.0000000000;0.7720000000;0.0000000000;0.0000000000;2.5940000000
i3.metal;i3.metal;72;512 GiB;8 x 1900 NVMe SSD;25 Gigabit;Intel Xeon E5-2686 v4 (Broadwell);;-;-;-;-;-;0.0000000000;;;28.9920000000;;0.0000000000;0.0000000000;0.0000000000;;31.9360000000;0.0000000000;4.9920000000;;;;0.0000000000;
t2.2xlarge;t2.2xlarge;8;32 GiB;EBS only;Moderate;Intel Xeon Family;Up to 3.0 GHz;-;-;-;-;-;1.4272000000;0.0000000000;0.5396000000;1.3312000000;1.4272000000;0.5588000000;0.4972000000;0.6164000000;0.4864000000;0.5064000000;0.4032000000;0.0000000000;0.6446000000;0.0000000000;3.6572000000;0.4224000000;0.4588000000
c3.4xlarge;c3.4xlarge;16;30 GiB;2 x 160 SSD;High;Intel Xeon E5-2680 v2 (Ivy Bridge);2.8 GHz;-;-;-;-;Yes;0.0000000000;0.0000000000;;0.0000000000;4.2620000000;2.9520000000;2.3340000000;0.0000000000;7.0240000000;;1.3260000000;7.6600000000;2.8800000000;;1.4300000000;;
m5.xlarge;m5.xlarge;4;16 GiB;EBS only;Up to 10 Gigabit;Intel Xeon Platinum 8175;2.5 GHz;-;-;-;-;Yes;0.0000000000;0.9000000000;1.7270000000;0.0000000000;1.9390000000;0.2300000000;1.9420000000;0.3080000000;;0.0000000000;0.0000000000;0.8560000000;0.0000000000;0.3070000000;0.0000000000;0.9010000000;0.4540000000
r4.4xlarge;r4.4xlarge;16;122 GiB;EBS only;Up to 10 Gigabit;Intel Xeon E5-2686 v4 (Broadwell);2.3 GHz;-;-;-;-;Yes;3.2000000000;0.0000000000;0.0000000000;0.0000000000;1.4080000000;3.2000000000;0.0000000000;1.4100000000;1.4100000000;7.0640000000;0.0000000000;7.9060000000;2.0400000000;0.0000000000;2.5940000000;7.2480000000;7.2056000000
x1.32xlarge;x1.32xlarge;128;1,952 GiB;2 x 1920 SSD;High;High Frequency Intel Xeon E7-8880 v3 (Haswell);2.3 GHz;Yes;Yes;Yes;-;Yes;0.0000000000;19.3410000000;14.7720000000;19.2260000000;19.4410000000;66.6740000000;16.1360000000;0.0000000000;;13.4380000000;16.0060000000;19.2260000000;;16.8060000000;79.8980000000;16.8060000000;0.0000000000
m5.24xlarge;m5.24xlarge;96;384 GiB;EBS only;25 Gigabit;Intel Xeon Platinum 8175;2.5 GHz;-;-;-;-;Yes;0.0000000000;0.0000000000;11.1740000000;0.0000000000;5.8600000000;0.0000000000;0.0000000000;0.0000000000;;0.0000000000;9.5520000000;0.0000000000;5.3760000000;21.3120000000;7.4740000000;0.0000000000;16.3680000000
c3.8xlarge;c3.8xlarge;32;60 GiB;2 x 320 SSD;10 Gigabit;Intel Xeon E5-2680 v2 (Ivy Bridge);2.8 GHz;-;-;-;-;Yes;0.0000000000;1.9390000000;;1.6800000000;4.3320000000;4.7160000000;0.0000000000;6.3680000000;2.6560000000;;0.0000000000;1.7800000000;3.0080000000;;2.7000000000;;
z1d.2xlarge;z1d.2xlarge;8;64 GiB;1 x 300 NVMe SSD;Up to 10 Gigabit;Intel Xeon Platinum 8151;;-;-;-;-;-;;;;0.0000000000;1.4070000000;;;0.0000000000;;;0.8830000000;0.8790000000;3.8440000000;;;;
r3.xlarge;r3.xlarge;4;30.5 GiB;1 x 80 SSD;Moderate;Intel Xeon E5-2670 v2 (Ivy Bridge);2.5 GHz;-;-;-;-;Yes;0.4390000000;0.0000000000;;0.0000000000;0.0000000000;2.0840000000;0.4390000000;0.0000000000;0.0000000000;0.0000000000;0.0000000000;0.6410000000;0.0000000000;;0.0000000000;;0.3790000000
c4.8xlarge;c4.8xlarge;36;60 GiB;EBS only;10 Gigabit;Intel Xeon E5-2666 v3 (Haswell);2.9 GHz;-;-;-;-;Yes;3.7410000000;0.0000000000;1.8800000000;16.7470000000;0.0000000000;2.4320000000;17.0710000000;2.1160000000;2.0160000000;15.1000000000;1.9410000000;1.5910000000;0.0000000000;0.0000000000;2.4700000000;2.0320000000;1.6000000000
r5.xlarge;r5.xlarge;4;32 GiB;EBS only;10 Gigabit;Intel Xeon Platinum 8175;;-;-;-;-;-;0.0000000000;0.5060000000;0.7560000000;0.0000000000;0.0000000000;0.3720000000;0.0000000000;0.7840000000;;0.0000000000;0.7790000000;0.0000000000;0.2800000000;0.0000000000;;0.4210000000;
m5.2xlarge;m5.2xlarge;8;32 GiB;EBS only;Up to 10 Gigabit;Intel Xeon Platinum 8175;2.5 GHz;-;-;-;-;Yes;0.0000000000;1.0030000000;0.9310000000;1.3670000000;0.5800000000;0.8590000000;0.4840000000;0.4960000000;;0.0000000000;1.7560000000;1.3670000000;0.4800000000;0.4780000000;0.0000000000;0.4740000000;0.0000000000
m3.2xlarge;m3.2xlarge;8;30 GiB;2 x 80 SSD;High;Intel Xeon E5-2670 v2 (Ivy Bridge/Sandy Bridge);2.5 GHz;-;-;-;-;-;0.8790000000;0.0000000000;;0.0000000000;0.9190000000;3.8910000000;0.8690000000;1.4560000000;3.8450000000;;3.9530000000;0.5320000000;0.6160000000;;4.2050000000;;
c5.xlarge;c5.xlarge;4;8 GiB;EBS only;Up to 10 Gigabit;Intel Xeon Platinum 8124M;3.0 Ghz;-;-;-;-;Yes;0.0000000000;0.2720000000;0.1980000000;0.0000000000;0.0000000000;0.2070000000;0.8680000000;1.7140000000;;0.4320000000;0.4560000000;0.0000000000;0.0000000000;0.6820000000;0.0000000000;0.8660000000;0.2380000000
h1.8xlarge;h1.8xlarge;32;128 GiB;4 x 2000 HDD;10 Gigabit;Intel Xeon E5-2686 v4 (Broadwell);2.3 GHz;-;-;-;-;Yes;;;;3.6720000000;;;;;;5.8330000000;15.6910000000;0.0000000000;;;;;
c4.large;c4.large;2;3.75 GiB;EBS only;Moderate;Intel Xeon E5-2666 v3 (Haswell);2.9 GHz;-;-;-;-;Yes;0.2030000000;0.6050000000;0.1210000000;0.2000000000;1.3340000000;0.6050000000;0.2950000000;0.0000000000;0.0000000000;0.0000000000;0.0000000000;0.1100000000;0.1960000000;0.0000000000;0.0000000000;0.0000000000;0.1600000000
r5.24xlarge;r5.24xlarge;96;768 GiB;EBS only;25 Gigabit;Intel Xeon Platinum 8175;;-;-;-;-;-;7.2480000000;0.0000000000;6.7740000000;0.0000000000;0.0000000000;0.0000000000;13.2860000000;7.4460000000;;21.9840000000;6.8980000000;0.0000000000;11.1360000000;13.1420000000;;0.0000000000;
c3.large;c3.large;2;3.75 GiB;2 x 16 SSD;Moderate;Intel Xeon E5-2680 v2 (Ivy Bridge);2.8 GHz;-;-;-;-;Yes;0.0000000000;0.0000000000;;0.0000000000;0.0000000000;0.1290000000;0.1380000000;0.0000000000;0.0000000000;;0.2070000000;0.1160000000;0.2980000000;;0.0000000000;;
r4.16xlarge;r4.16xlarge;64;488 GiB;EBS only;20 Gigabit;Intel Xeon E5-2686 v4 (Broadwell);2.3 GHz;-;-;-;-;Yes;32.0512000000;0.0000000000;8.7430000000;0.0000000000;0.0000000000;5.1220000000;8.0510000000;0.0000000000;0.0000000000;0.0000000000;5.8176000000;28.2560000000;0.0000000000;4.9920000000;13.0310000000;0.0000000000;0.0000000000
c5.2xlarge;c5.2xlarge;8;16 GiB;EBS only;Up to 10 Gigabit;Intel Xeon Platinum 8124M;3.0 Ghz;-;-;-;-;Yes;0.0000000000;0.0000000000;0.0000000000;0.0000000000;0.0000000000;0.0000000000;0.9360000000;0.5570000000;;3.3610000000;0.5190000000;0.0000000000;0.0000000000;3.7980000000;0.0000000000;0.5040000000;3.7300000000
c4.xlarge;c4.xlarge;4;7.5 GiB;EBS only;High;Intel Xeon E5-2666 v3 (Haswell);2.9 GHz;-;-;-;-;Yes;0.3470000000;0.0000000000;1.9250000000;0.2190000000;0.3210000000;0.7310000000;0.2990000000;1.5630000000;0.5320000000;1.5100000000;0.0000000000;0.2880000000;0.3160000000;0.0000000000;0.4090000000;0.7420000000;0.0000000000
i2.xlarge;i2.xlarge;4;30.5 GiB;1 x 800 SSD;Moderate;Intel Xeon E5-2670 v2 (Ivy Bridge);2.5 GHz;-;-;-;-;Yes;1.4210000000;1.1010000000;;0.0000000000;1.0860000000;1.1130000000;0.0000000000;2.2290000000;;0.0000000000;1.4180000000;2.6220000000;0.0000000000;;0.0000000000;;1.2660000000
t3.nano;t3.nano;2;0.5 GiB;EBS only;Low;Intel Skylake E5 2686 v5 (2.5 GHz);;-;-;-;-;-;0.0066000000;;0.0058000000;0.0098000000;0.0066000000;0.0060000000;;0.0000000000;;0.0000000000;0.0057000000;0.0000000000;0.0062000000;;0.0084000000;0.0105000000;
m4.4xlarge;m4.4xlarge;16;64 GiB;EBS only;High;Intel Xeon E5-2676 v3 (Haswell);2.4 GHz;-;-;-;-;Yes;0.0000000000;7.8184000000;0.0000000000;6.8800000000;0.0000000000;2.0360000000;1.8448000000;7.1352000000;0.0000000000;0.8000000000;1.1068000000;3.5360000000;0.0000000000;0.0000000000;0.0000000000;7.6640000000;2.7600000000
z1d.large;z1d.large;2;16 GiB;1 x 75 NVMe SSD;Up to 10 Gigabit;Intel Xeon Platinum 8151;;-;-;-;-;-;;;;0.7690000000;0.3860000000;;;0.0000000000;;;0.0000000000;0.6770000000;0.0000000000;;;;
i3.xlarge;i3.xlarge;4;30.5 GiB;1 x 950 NVMe SSD;Up to 10 Gigabit;Intel Xeon E5-2686 v4 (Broadwell);2.3 GHz;-;-;-;-;Yes;0.0000000000;0.0000000000;0.3440000000;0.0000000000;0.6660000000;0.0000000000;0.0000000000;0.5870000000;0.0000000000;0.3720000000;0.0000000000;0.4120000000;0.3780000000;0.0000000000;0.0000000000;0.5820000000;0.4540000000
i3.8xlarge;i3.8xlarge;32;244 GiB;4 x 1900 NVMe SSD;10 Gigabit;Intel Xeon E5-2686 v4 (Broadwell);2.3 GHz;-;-;-;-;Yes;4.7630000000;3.4690000000;5.0630000000;0.0000000000;0.0000000000;16.4480000000;0.0000000000;0.0000000000;0.0000000000;2.4960000000;0.0000000000;0.0000000000;8.3390000000;2.9960000000;6.0480000000;0.0000000000;3.2450000000
m5d.24xlarge;m5d.24xlarge;96;384 GiB;4 x 900 NVMe SSD;25 Gigabit;Intel Xeon Platinum 8175;2.5 GHz;-;-;-;-;Yes;18.3360000000;0.0000000000;0.0000000000;0.0000000000;8.3900000000;22.4640000000;6.8640000000;13.0460000000;;21.3600000000;17.5680000000;0.0000000000;6.3840000000;;;6.3880000000;
c5d.4xlarge;c5d.4xlarge;16;32 GiB;1 x 400 NVMe SSD;Up to 10 Gigabit;Intel Xeon Platinum 8124M;3.0 Ghz;-;-;-;-;Yes;0.0000000000;0.0000000000;6.8480000000;0.0000000000;0.0000000000;0.0000000000;1.9340000000;7.0420000000;;0.8140000000;0.9290000000;3.4240000000;0.9600000000;;;1.9870000000;
m3.xlarge;m3.xlarge;4;15 GiB;2 x 40 SSD;High;Intel Xeon E5-2670 v2 (Ivy Bridge/Sandy Bridge);2.5 GHz;-;-;-;-;-;0.6860000000;0.0000000000;;0.0000000000;0.7480000000;0.0000000000;0.4300000000;0.0000000000;0.0000000000;;0.0000000000;1.9500000000;0.0000000000;;0.4190000000;;
m4.10xlarge;m4.10xlarge;40;160 GiB;EBS only;10 Gigabit;Intel Xeon E5-2676 v3 (Haswell);2.4 GHz;-;-;-;-;Yes;3.1760000000;0.0000000000;2.2200000000;2.1300000000;5.0440000000;2.4000000000;9.1600000000;2.6800000000;7.3800000000;0.0000000000;8.8600000000;2.1000000000;4.1800000000;0.0000000000;7.9800000000;2.4500000000;0.0000000000
r5d.24xlarge;r5d.24xlarge;96;768 GiB;4 x 900 NVMe SSD;25 Gigabit;Intel Xeon Platinum 8175;;-;-;-;-;-;0.0000000000;0.0000000000;13.6220000000;11.3280000000;9.9740000000;12.7200000000;;12.7680000000;;0.0000000000;0.0000000000;0.0000000000;0.0000000000;;;0.0000000000;
c3.2xlarge;c3.2xlarge;8;15 GiB;2 x 80 SSD;High;Intel Xeon E5-2680 v2 (Ivy Bridge);2.8 GHz;-;-;-;-;Yes;0.5290000000;0.4600000000;;0.5550000000;2.1310000000;1.5280000000;0.5040000000;0.0000000000;0.6470000000;;0.0000000000;3.7880000000;0.8270000000;;0.6500000000;;
t3.large;t3.large;2;8 GiB;EBS only;Low to Moderate;Intel Skylake E5 2686 v5 (2.5 GHz);;-;-;-;-;-;0.1332000000;;0.1604000000;0.0832000000;0.1732000000;0.1590000000;;0.2040000000;;0.1108000000;0.0912000000;0.1784000000;0.1622000000;;0.1344000000;0.0944000000;
r4.2xlarge;r4.2xlarge;8;61 GiB;EBS only;Up to 10 Gigabit;Intel Xeon E5-2686 v4 (Broadwell);2.3 GHz;-;-;-;-;Yes;0.0000000000;0.0000000000;0.5840000000;0.0000000000;1.6000000000;0.0000000000;0.8320000000;1.6000000000;0.0000000000;1.5452000000;3.9608000000;0.0000000000;0.0000000000;0.8164000000;2.0800000000;1.5840000000;0.6832000000
hs1.8xlarge;hs1.8xlarge;17;117 GiB;24 x 2000;10 Gigabit;Intel Xeon E5-2650;2 GHz;-;-;-;-;-;9.3200000000;;;4.6000000000;9.3200000000;;6.1260000000;5.7140000000;;;4.9310000000;8.3500000000;;;;;
g3.8xlarge;g3.8xlarge;32;244 GiB;EBS only;10 Gigabit;Intel Xeon E5-2686 v4 (Broadwell);2.3 GHz;Yes;Yes;Yes;-;Yes;0.0000000000;;2.9320000000;2.2800000000;0.0000000000;0.0000000000;2.7400000000;0.0000000000;;2.4100000000;2.4200000000;0.0000000000;0.0000000000;;;;
r3.8xlarge;r3.8xlarge;32;244 GiB;2 x 320 SSD;10 Gigabit;Intel Xeon E5-2670 v2 (Ivy Bridge);2.5 GHz;-;-;-;-;Yes;0.0000000000;3.1920000000;;2.7900000000;3.2920000000;3.3310000000;9.1470000000;3.3220000000;15.2000000000;0.0000000000;6.8000000000;14.6560000000;0.0000000000;;0.0000000000;;16.5040000000
i2.2xlarge;i2.2xlarge;8;61 GiB;2 x 800 SSD;High;Intel Xeon E5-2670 v2 (Ivy Bridge);2.5 GHz;-;-;-;-;Yes;5.4030000000;0.0000000000;;2.1850000000;3.2000000000;5.0260000000;0.0000000000;0.0000000000;;0.0500000000;5.0640000000;0.0000000000;4.8760000000;;0.0000000000;;2.1260000000
m5d.xlarge;m5d.xlarge;4;16 GiB;1 x 150 NVMe SSD;Up to 10 Gigabit;Intel Xeon Platinum 8175;2.5 GHz;-;-;-;-;Yes;0.3520000000;0.2950000000;0.9310000000;0.4780000000;0.3420000000;1.7900000000;0.9500000000;0.0000000000;;0.0000000000;0.3120000000;0.0000000000;0.0000000000;;;0.7420000000;
c5d.large;c5d.large;2;4 GiB;1 x 50 NVMe SSD;Up to 10 Gigabit;Intel Xeon Platinum 8124M;3.0 Ghz;-;-;-;-;Yes;0.0000000000;0.1780000000;0.1660000000;0.1620000000;0.2040000000;0.0000000000;0.2230000000;0.0000000000;;0.1560000000;0.1690000000;0.1560000000;0.2280000000;;;0.1830000000;
r4.large;r4.large;2;15.25 GiB;EBS only;Up to 10 Gigabit;Intel Xeon E5-2686 v4 (Broadwell);2.3 GHz;-;-;-;-;Yes;0.0000000000;0.0000000000;0.1610000000;0.1930000000;0.1760000000;0.2200500000;0.1760000000;0.7480000000;0.2520000000;0.0000000000;0.0000000000;0.2060000000;0.6280000000;0.6360000000;0.7600000000;0.0000000000;0.0000000000
i3.16xlarge;i3.16xlarge;64;488 GiB;8 x 1900 NVMe SSD;20 Gigabit;Intel Xeon E5-2686 v4 (Broadwell);2.3 GHz;-;-;-;-;Yes;5.9840000000;9.9270000000;16.1280000000;12.6720000000;7.0660000000;0.0000000000;0.0000000000;5.9860000000;0.0000000000;12.6720000000;0.0000000000;28.9920000000;32.4480000000;5.7920000000;9.1520000000;5.9220000000;0.0000000000
c5.9xlarge;c5.9xlarge;36;72 GiB;EBS only;10 Gigabit;Intel Xeon Platinum 8124M;3.0 Ghz;-;-;-;-;Yes;1.9980000000;15.2280000000;3.9380000000;0.0000000000;7.8530000000;6.0660000000;1.8360000000;0.0000000000;;2.1380000000;0.0000000000;3.1860000000;0.0000000000;4.2010000000;0.0000000000;0.0000000000;0.0000000000
d2.4xlarge;d2.4xlarge;16;122 GiB;12 x 2000 HDD;High;Intel Xeon E5-2676v3 (Haswell);2.4 GHz;-;-;-;-;Yes;0.0000000000;3.8136000000;3.0360000000;0.0000000000;0.0000000000;0.0000000000;0.0000000000;0.0000000000;3.7140000000;0.0000000000;9.2340000000;2.7600000000;0.0000000000;10.1330000000;0.0000000000;3.3960000000;0.0000000000
c1.medium;c1.medium;2;1.7 GiB;1 x 350;Moderate;Intel Xeon Family;;-;-;-;-;-;0.1800000000;;;0.3100000000;0.2660000000;;0.1730000000;0.1580000000;;;0.3100000000;0.2100000000;0.2230000000;;0.2570000000;;
m5d.12xlarge;m5d.12xlarge;48;192 GiB;2 x 900 NVMe SSD;10 Gigabit;Intel Xeon Platinum 8175;2.5 GHz;-;-;-;-;Yes;9.1680000000;0.0000000000;0.0000000000;4.9200000000;4.1950000000;3.2640000000;0.0000000000;3.7360000000;;22.9200000000;23.4350000000;2.8120000000;4.0030000000;;;0.0000000000;
g2.2xlarge;g2.2xlarge;8;15 GiB;1 x 60 SSD;High;Intel Xeon E5-2670 (Sandy Bridge);2.6 GHz;-;-;-;-;-;0.9980000000;0.0000000000;;0.8450000000;0.0000000000;0.0000000000;;0.0000000000;;;0.0000000000;0.0500000000;0.8190000000;;0.0000000000;;
i2.4xlarge;i2.4xlarge;16;122 GiB;4 x 800 SSD;High;Intel Xeon E5-2670 v2 (Ivy Bridge);2.5 GHz;-;-;-;-;Yes;0.0000000000;0.0000000000;;3.7510000000;0.0000000000;11.1920000000;0.0000000000;8.1030000000;;5.6730000000;0.0000000000;4.3680000000;5.2590000000;;0.0000000000;;4.2540000000
t3.xlarge;t3.xlarge;4;16 GiB;EBS only;Moderate;Intel Skylake E5 2686 v5 (2.5 GHz);;-;-;-;-;-;0.0000000000;;0.3106000000;0.6464000000;0.2112000000;0.6720000000;;0.2176000000;;0.0000000000;0.1824000000;0.2400000000;0.1984000000;;0.2688000000;0.2488000000;
m5d.2xlarge;m5d.2xlarge;8;32 GiB;1 x 300 NVMe SSD;Up to 10 Gigabit;Intel Xeon Platinum 8175;2.5 GHz;-;-;-;-;Yes;1.8960000000;0.0000000000;1.8320000000;0.0000000000;1.0670000000;1.0470000000;0.7070000000;1.9120000000;;0.4790000000;3.5380000000;0.6090000000;1.0350000000;;;0.6940000000;
r5.12xlarge;r5.12xlarge;48;384 GiB;EBS only;10 Gigabit;Intel Xeon Platinum 8175;;-;-;-;-;-;0.0000000000;6.0750000000;21.5110000000;0.0000000000;24.0750000000;4.6780000000;0.0000000000;4.4590000000;;0.0000000000;0.0000000000;0.0000000000;21.5620000000;3.9150000000;;23.9730000000;
m1.xlarge;m1.xlarge;4;15 GiB;4 x 420;High;Intel Xeon Family;;-;-;-;-;-;0.7470000000;;;0.3850000000;0.5140000000;;1.5450000000;0.7060000000;;;0.6580000000;1.4980000000;0.3790000000;;1.1740000000;;
z1d.3xlarge;z1d.3xlarge;12;96 GiB;1 x 450 NVMe SSD;Up to 10 Gigabit;Intel Xeon Platinum 8151;;-;-;-;-;-;;;;0.0000000000;1.3560000000;;;3.3540000000;;;0.0000000000;1.6680000000;1.3960000000;;;;
z1d.6xlarge;z1d.6xlarge;24;192 GiB;1 x 900 NVMe SSD;10 Gigabit;Intel Xeon Platinum 8151;;-;-;-;-;-;;;;6.3500000000;3.0250000000;;;2.8540000000;;;0.0000000000;0.0000000000;0.0000000000;;;;
m5d.large;m5d.large;2;8 GiB;1 x 75 NVMe SSD;Up to 10 Gigabit;Intel Xeon Platinum 8175;2.5 GHz;-;-;-;-;Yes;0.1420000000;0.2470000000;0.1940000000;0.0000000000;0.3090000000;0.3050000000;0.2520000000;0.2060000000;;0.1730000000;0.1340000000;0.2730000000;0.7050000000;;;0.0000000000;
i3.large;i3.large;2;15.25 GiB;1 x 475 NVMe SSD;Up to 10 Gigabit;Intel Xeon E5-2686 v4 (Broadwell);2.3 GHz;-;-;-;-;Yes;0.2790000000;0.2830000000;0.2490000000;0.0000000000;0.3060000000;0.0000000000;0.0000000000;0.0000000000;0.2750000000;0.2240000000;0.0000000000;0.2160000000;0.3520000000;0.3440000000;0.0000000000;0.0000000000;0.2450000000
x1e.2xlarge;x1e.2xlarge;8;244 GiB;1 x 240 SSD;Up to 10 Gigabit;High Frequency Intel Xeon E7-8880 v3 (Haswell);2.3 GHz;Yes;Yes;-;-;Yes;2.7900000000;;;3.1630000000;;3.8950000000;0.0000000000;0.0000000000;;;2.7030000000;0.0000000000;;;;;
x1e.xlarge;x1e.xlarge;4;122 GiB;1 x 120 SSD;Up to 10 Gigabit;High Frequency Intel Xeon E7-8880 v3 (Haswell);2.3 GHz;Yes;Yes;-;-;Yes;1.5820000000;;;1.1010000000;;1.2670000000;0.0000000000;1.3090000000;;;1.7640000000;0.9850000000;;;;;
x1e.16xlarge;x1e.16xlarge;64;1,952 GiB;1 x 1920 SSD;10 Gigabit;High Frequency Intel Xeon E7-8880 v3 (Haswell);2.3 GHz;Yes;Yes;Yes;-;Yes;0.0000000000;;;13.4740000000;;0.0000000000;0.0000000000;0.0000000000;;;0.0000000000;0.0000000000;;;;;
c5.large;c5.large;2;4 GiB;EBS only;Up to 10 Gigabit;Intel Xeon Platinum 8124M;3.0 Ghz;-;-;-;-;Yes;0.2710000000;0.1560000000;0.0000000000;0.1850000000;0.1720000000;0.6750000000;0.1080000000;0.0000000000;;0.0900000000;0.0000000000;0.0850000000;0.0000000000;0.2080000000;0.0000000000;0.5880000000;0.0000000000
r5.large;r5.large;2;16 GiB;EBS only;10 Gigabit;Intel Xeon Platinum 8175;;-;-;-;-;-;0.0000000000;0.1520000000;0.0000000000;0.0000000000;0.2200000000;0.2530000000;0.0000000000;0.0000000000;;0.0000000000;0.2120000000;0.0000000000;0.0000000000;0.6280000000;;0.0000000000;
m3.large;m3.large;2;7.5 GiB;1 x 32 SSD;Moderate;Intel Xeon E5-2670 v2 (Ivy Bridge/Sandy Bridge);2.5 GHz;-;-;-;-;-;0.3430000000;0.2430000000;;0.1330000000;0.3540000000;0.5130000000;0.1850000000;0.0000000000;0.6720000000;;0.1610000000;0.4040000000;0.8220000000;;0.0000000000;;
c5d.18xlarge;c5d.18xlarge;72;144 GiB;1 x 1800 NVMe SSD;25 Gigabit;Intel Xeon Platinum 8124M;3.0 Ghz;-;-;-;-;Yes;4.6660000000;0.0000000000;30.8160000000;0.0000000000;34.3440000000;0.0000000000;8.7050000000;0.0000000000;;15.4080000000;4.0240000000;0.0000000000;0.0000000000;;;31.1400000000;
p3.2xlarge;p3.2xlarge;8;61 GiB;EBS only;Up to 10 Gigabit;Intel Xeon E5-2686 v4 (Broadwell);2.3 GHz;-;-;-;-;Yes;0.0000000000;5.3490000000;3.5850000000;3.2590000000;5.3490000000;0.0000000000;4.2790000000;0.0000000000;;0.0000000000;0.0000000000;3.4280000000;;;;0.0000000000;
d2.8xlarge;d2.8xlarge;36;244 GiB;24 x 2000 HDD;10 Gigabit;Intel Xeon E5-2676v3 (Haswell);2.4 GHz;-;-;-;-;Yes;22.1160000000;6.7520000000;0.0000000000;5.5200000000;0.0000000000;0.0000000000;0.0000000000;6.8520000000;0.0000000000;0.0000000000;5.8800000000;5.5200000000;6.2500000000;6.3060000000;0.0000000000;21.3300000000;6.6120000000
c1.xlarge;c1.xlarge;8;7 GiB;4 x 420;High;Intel Xeon Family;;-;-;-;-;-;1.2760000000;;;0.6720000000;2.1240000000;;0.6280000000;1.1600000000;;;0.6510000000;2.1240000000;0.5920000000;;1.1420000000;;
c5d.2xlarge;c5d.2xlarge;8;16 GiB;1 x 200 NVMe SSD;Up to 10 Gigabit;Intel Xeon Platinum 8124M;3.0 Ghz;-;-;-;-;Yes;0.0000000000;0.0000000000;0.0000000000;0.5070000000;0.0000000000;0.0000000000;0.6220000000;0.0000000000;;0.5140000000;0.0000000000;0.8870000000;1.0150000000;;;0.8580000000;
p2.8xlarge;p2.8xlarge;32;488 GiB;EBS only;10 Gigabit;Intel Xeon E5-2686 v4 (Broadwell);2.3 GHz;-;-;-;-;Yes;13.7000000000;11.8200000000;;8.0500000000;15.1180000000;0.0000000000;9.5040000000;0.0000000000;;19.9200000000;0.0000000000;19.2000000000;;;;;13.8740000000
r4.8xlarge;r4.8xlarge;32;244 GiB;EBS only;10 Gigabit;Intel Xeon E5-2686 v4 (Broadwell);2.3 GHz;-;-;-;-;Yes;2.6836000000;4.5960000000;7.6480000000;3.6000000000;14.8160000000;0.0000000000;0.0000000000;0.0000000000;3.1008000000;2.3410000000;0.0000000000;14.1280000000;2.4712000000;2.4960000000;0.0000000000;2.4960000000;4.2280000000
r3;r3;32;NA;NA;NA;Intel Xeon E5-2670 v2 (Ivy Bridge);2.5 GHz;-;-;-;-;-;3.5110000000;3.5110000000;;2.9260000000;3.5110000000;3.5210000000;3.5110000000;3.5110000000;;2.9260000000;3.2600000000;2.9260000000;3.2600000000;;6.1570000000;;3.3350000000
d2;d2;36;NA;NA;NA;Intel Xeon E5-2676v3 (Haswell);2.4 GHz;-;-;-;-;-;7.6560000000;7.4270000000;6.6790000000;6.0720000000;7.6560000000;6.9870000000;7.2860000000;7.4270000000;7.4270000000;6.0720000000;6.4680000000;6.0720000000;;6.7940000000;;6.7910000000;7.2730000000
p2.16xlarge;p2.16xlarge;64;768 GiB;EBS only;20 Gigabit;Intel Xeon E5-2686 v4 (Broadwell);2.3 GHz;-;-;-;-;Yes;0.0000000000;23.4400000000;;0.0000000000;27.4880000000;21.3160000000;0.0000000000;24.8020000000;;14.4000000000;0.0000000000;0.0000000000;;;;;0.0000000000
r5.2xlarge;r5.2xlarge;8;64 GiB;EBS only;10 Gigabit;Intel Xeon Platinum 8175;;-;-;-;-;-;0.0000000000;0.7430000000;0.0000000000;0.0000000000;0.0000000000;1.0120000000;0.0000000000;0.7740000000;;0.0000000000;1.5580000000;0.0000000000;0.7240000000;0.7630000000;;0.0000000000;
c5d.9xlarge;c5d.9xlarge;36;72 GiB;1 x 900 NVMe SSD;10 Gigabit;Intel Xeon Platinum 8124M;3.0 Ghz;-;-;-;-;Yes;2.2680000000;0.0000000000;6.2280000000;2.3360000000;3.6720000000;2.2300000000;3.8700000000;0.0000000000;;1.9320000000;0.0000000000;16.8840000000;4.5660000000;;;0.0000000000;
r5d.12xlarge;r5d.12xlarge;48;384 GiB;2 x 900 NVMe SSD;10 Gigabit;Intel Xeon Platinum 8175;;-;-;-;-;-;4.1760000000;0.0000000000;7.0400000000;23.8720000000;4.4270000000;9.9120000000;;10.1900000000;;4.2670000000;4.6510000000;3.4560000000;0.0000000000;;;0.0000000000;
d2.2xlarge;d2.2xlarge;8;61 GiB;6 x 2000 HDD;High;Intel Xeon E5-2676v3 (Haswell);2.4 GHz;-;-;-;-;Yes;1.9610000000;2.0560000000;2.0380000000;0.0000000000;4.9140000000;4.9560000000;5.0240000000;0.0000000000;1.9570000000;4.7480000000;0.0000000000;0.0000000000;1.5630000000;0.0000000000;0.0000000000;2.0660000000;0.0000000000
t3.2xlarge;t3.2xlarge;8;32 GiB;EBS only;Moderate;Intel Skylake E5 2686 v5 (2.5 GHz);;-;-;-;-;-;0.5724000000;;3.3712000000;0.0000000000;1.3824000000;0.5140000000;;1.5424000000;;1.2928000000;0.5000000000;0.6152000000;0.0000000000;;0.6728000000;1.4848000000;
m4.large;m4.large;2;8 GiB;EBS only;Moderate;Intel Xeon E5-2676 v3 (Haswell);2.4 GHz;-;-;-;-;Yes;0.0000000000;0.0000000000;0.1110000000;0.1600000000;0.2880000000;0.2200000000;0.2180000000;0.2095000000;0.0000000000;0.0000000000;0.2650000000;0.0000000000;0.0000000000;0.0000000000;0.2266000000;0.0000000000;0.0000000000
f1.4xlarge;f1.4xlarge;16;244 GiB;1 x 940 GB;10 Gigabit;Intel Xeon E5-2686 v4 (Broadwell);;-;-;-;-;-;;;;0.0000000000;;;4.3560000000;;;;0.0000000000;3.4300000000;4.2090000000;;;;
z1d.12xlarge;z1d.12xlarge;48;384 GiB;2 x 900 NVMe SSD;25 Gigabit;Intel Xeon Platinum 8151;;-;-;-;-;-;;;;4.6140000000;11.1840000000;;;0.0000000000;;;0.0000000000;5.2750000000;0.0000000000;;;;
p2.xlarge;p2.xlarge;4;61 GiB;EBS only;High;Intel Xeon E5-2686 v4 (Broadwell);2.3 GHz;-;-;-;-;Yes;0.0000000000;0.0000000000;;1.0500000000;0.0000000000;1.5590000000;1.1880000000;0.0000000000;;1.0840000000;1.0690000000;0.9900000000;;;;;1.7180000000
m5.4xlarge;m5.4xlarge;16;64 GiB;EBS only;Up to 10 Gigabit;Intel Xeon Platinum 8175;2.5 GHz;-;-;-;-;Yes;0.0000000000;6.9440000000;1.0080000000;3.4710000000;1.2900000000;2.9020000000;3.6870000000;0.0000000000;;0.0000000000;7.6490000000;0.0000000000;1.0600000000;1.0560000000;3.9490000000;6.9470000000;7.5930000000
m2.xlarge;m2.xlarge;2;17.1 GiB;1 x 420;Moderate;Intel Xeon Family;;-;-;-;-;-;0.2960000000;;;1.0840000000;0.3560000000;;0.3820000000;0.3870000000;;;0.2750000000;0.3450000000;1.1400000000;;0.3230000000;;
p3.8xlarge;p3.8xlarge;32;244 GiB;EBS only;10 Gigabit;Intel Xeon E5-2686 v4 (Broadwell);2.3 GHz;-;-;-;-;Yes;0.0000000000;20.0540000000;13.4640000000;14.5080000000;0.0000000000;0.0000000000;14.7880000000;0.0000000000;;12.2400000000;0.0000000000;12.3400000000;;;;0.0000000000;
z1d.xlarge;z1d.xlarge;4;32 GiB;1 x 150 NVMe SSD;Up to 10 Gigabit;Intel Xeon Platinum 8151;;-;-;-;-;-;;;;0.4620000000;0.0000000000;;;0.0000000000;;;0.4160000000;0.0000000000;0.6060000000;;;;
p3.16xlarge;p3.16xlarge;64;488 GiB;EBS only;25 Gigabit;Intel Xeon E5-2686 v4 (Broadwell);2.3 GHz;-;-;-;-;Yes;0.0000000000;39.9780000000;27.0280000000;0.0000000000;42.7920000000;0.0000000000;32.3200000000;44.8880000000;;24.5800000000;26.5700000000;0.0000000000;;;;28.7120000000;
r3.large;r3.large;2;15.25 GiB;1 x 32 SSD;Moderate;Intel Xeon E5-2670 v2 (Ivy Bridge);2.5 GHz;-;-;-;-;Yes;0.0000000000;0.6800000000;;0.2260000000;0.0000000000;0.2190000000;0.3250000000;0.0000000000;0.2880000000;0.4250000000;0.2040000000;0.0000000000;0.0000000000;;0.0000000000;;0.3590000000
m2.4xlarge;m2.4xlarge;8;68.4 GiB;2 x 840;High;Intel Xeon Family;;-;-;-;-;-;1.4310000000;;;1.0780000000;1.3010000000;;1.2710000000;1.2650000000;;;1.3400000000;1.7000000000;1.1000000000;;2.6520000000;;
i2.8xlarge;i2.8xlarge;32;244 GiB;8 x 800 SSD;10 Gigabit;Intel Xeon E5-2670 v2 (Ivy Bridge);2.5 GHz;-;-;-;-;Yes;8.2400000000;8.1340000000;;0.0000000000;0.0000000000;8.2320000000;21.6560000000;0.0000000000;;0.0000000000;7.6020000000;6.8200000000;0.0000000000;;0.0000000000;;7.8330000000
t3.small;t3.small;2;2 GiB;EBS only;Low to Moderate;Intel Skylake E5 2686 v5 (2.5 GHz);;-;-;-;-;-;0.0864000000;;0.0232000000;0.0392000000;0.1124000000;0.0916000000;;0.0272000000;;0.0518000000;0.0000000000;0.1068000000;0.0248000000;;0.0646000000;0.1096000000;
r3.2xlarge;r3.2xlarge;8;61 GiB;1 x 160 SSD;High;Intel Xeon E5-2670 v2 (Ivy Bridge);2.5 GHz;-;-;-;-;Yes;0.9280000000;1.3920000000;;0.0000000000;0.8780000000;4.1680000000;0.0000000000;0.0000000000;0.0000000000;3.6640000000;0.0000000000;1.0450000000;0.0000000000;;0.0000000000;;0.0000000000
h1.4xlarge;h1.4xlarge;16;64 GiB;2 x 2000 HDD;Up to 10 Gigabit;Intel Xeon E5-2686 v4 (Broadwell);2.3 GHz;-;-;-;-;Yes;;;;1.2060000000;;;;;;1.1000000000;0.0000000000;1.2670000000;;;;;
t1.micro;t1.micro;1;0.613 GiB;EBS only;Very Low;Variable;;-;-;-;-;-;0.0200000000;;;0.0300000000;0.0800000000;;0.0240000000;0.0860000000;;;0.0200000000;0.0200000000;0.0350000000;;0.0370000000;;
x1.16xlarge;x1.16xlarge;64;976 GiB;1 x 1920 SSD;High;High Frequency Intel Xeon E7-8880 v3 (Haswell);2.3 GHz;Yes;Yes;Yes;-;Yes;0.0000000000;33.6710000000;8.0700000000;6.6690000000;9.6710000000;11.3520000000;8.1030000000;11.7200000000;;6.7990000000;8.1330000000;0.0000000000;;0.0000000000;13.1350000000;19.8670000000;36.1310000000
g3.4xlarge;g3.4xlarge;16;122 GiB;EBS only;Up to 10 Gigabit;Intel Xeon E5-2686 v4 (Broadwell);2.3 GHz;Yes;Yes;Yes;-;Yes;1.9294000000;;1.6876000000;0.0000000000;1.9670000000;0.0000000000;2.1880000000;0.0000000000;;1.2540000000;1.4310000000;1.2400000000;0.0000000000;;;;
h1.2xlarge;h1.2xlarge;8;32 GiB;1 x 2000 HDD;Up to 10 Gigabit;Intel Xeon E5-2686 v4 (Broadwell);2.3 GHz;-;-;-;-;Yes;;;;3.8360000000;;;;;;1.4580000000;0.0000000000;0.0000000000;;;;;
t2.small;t2.small;1;2 GiB;EBS only;Low to Moderate;Intel Xeon Family;Up to 3.3 GHz;-;-;-;-;-;0.0000000000;0.0288000000;0.0256000000;0.0530000000;0.0000000000;0.0268000000;0.0272000000;0.0980000000;0.0304000000;0.0320000000;0.0850000000;0.0830000000;0.0576000000;0.0356000000;0.0372000000;0.0260000000;0.0000000000
m4.16xlarge;m4.16xlarge;64;256 GiB;EBS only;20 Gigabit;Intel Xeon E5-2686 v4 (Broadwell);2.3 GHz;-;-;-;-;Yes;6.9440000000;27.9360000000;0.0000000000;3.2000000000;0.0000000000;30.7840000000;4.1620000000;0.0000000000;0.0000000000;0.0000000000;0.0000000000;3.3300000000;3.8440000000;0.0000000000;8.0320000000;3.8120000000;13.9840000000
x1e.8xlarge;x1e.8xlarge;32;976 GiB;1 x 960 SSD;Up to 10 Gigabit;High Frequency Intel Xeon E7-8880 v3 (Haswell);2.3 GHz;Yes;Yes;Yes;-;Yes;0.0000000000;;;19.3390000000;;14.1100000000;8.0000000000;0.0000000000;;;0.0000000000;0.0000000000;;;;;
c4.4xlarge;c4.4xlarge;16;30 GiB;EBS only;High;Intel Xeon E5-2666 v3 (Haswell);2.9 GHz;-;-;-;-;Yes;7.0400000000;0.0000000000;1.8940000000;6.8000000000;1.9420000000;0.0000000000;1.7900000000;0.0000000000;0.0000000000;2.7200000000;2.1110000000;0.0000000000;7.7330000000;0.0000000000;1.2350000000;7.0470000000;0.8000000000
;;;;;;;;-;-;-;-;-;0.0252000000;2.0000000000;0.1000000000;0.0500000000;0.0960000000;0.1860000000;0.0660000000;0.1200000000;0.0243000000;0.1000000000;0.0280000000;0.1000000000;0.0000000800;0.0000000580;0.0340000000;0.0500000000;0.0510000000
g3s.xlarge;g3s.xlarge;4;30.5 GiB;EBS only;10 Gigabit;Intel Xeon E5-2686 v4 (Broadwell);;-;-;-;-;-;1.2790000000;;;0.8750000000;;1.0630000000;;1.1000000000;;0.0000000000;0.8560000000;0.8030000000;1.1930000000;;;;
c4;c4;36;NA;NA;NA;Intel Xeon E5-2666 v3 (Haswell);2.9 GHz;-;-;-;-;-;2.2940000000;1.9970000000;1.9250000000;1.7500000000;2.0330000000;1.9990000000;2.1070000000;2.2180000000;2.2180000000;1.7500000000;1.9920000000;1.7500000000;2.1920000000;2.0940000000;;2.0920000000;1.7600000000
t2.nano;t2.nano;1;0.5 GiB;EBS only;Low;Intel Xeon Family;Up to 3.3 GHz;-;-;-;-;-;0.0096000000;0.0000000000;0.0064000000;0.0081000000;0.0000000000;0.0167000000;0.0068000000;0.0176000000;0.0076000000;0.0058000000;0.0063000000;0.0058000000;0.0000000000;0.0066000000;0.0093000000;0.0089000000;0.0000000000
m5;m5;96;NA;NA;NA;Intel Xeon Platinum 8175;2.5 GHz;-;-;-;-;-;6.3360000000;6.2300000000;5.6500000000;5.0690000000;6.3360000000;6.0720000000;6.3890000000;6.5470000000;;5.0690000000;5.6500000000;5.0690000000;5.9140000000;;8.0780000000;5.8610000000;5.3330000000
cr1.8xlarge;cr1.8xlarge;32;244 GiB;2 x 120 SSD;10 Gigabit;Intel Xeon E5-2670;;-;-;-;-;-;;;;7.2500000000;;;;4.4200000000;;;4.0440000000;4.0440000000;;;;;
t3.medium;t3.medium;2;4 GiB;EBS only;Low to Moderate;Intel Skylake E5 2686 v5 (2.5 GHz);;-;-;-;-;-;0.1204000000;;0.1140000000;0.1046000000;0.0528000000;0.0480000000;;0.0000000000;;0.0416000000;0.0000000000;0.1276000000;0.0000000000;;0.0856000000;0.1102000000;
m1.small;m1.small;1;1.7 GiB;1 x 160;Low;Intel Xeon Family;;-;-;-;-;-;0.6920000000;;;0.0780000000;0.1180000000;;0.0530000000;0.0670000000;;;0.0520000000;0.0830000000;0.1620000000;;0.0980000000;;
t3.micro;t3.micro;2;1 GiB;EBS only;Low to Moderate;Intel Skylake E5 2686 v5 (2.5 GHz);;-;-;-;-;-;0.0000000000;;0.0792000000;0.0196000000;0.0000000000;0.0120000000;;0.0228000000;;0.0780000000;0.0714000000;0.0872000000;0.0124000000;;0.0768000000;0.0118000000;
m2.2xlarge;m2.2xlarge;4;34.2 GiB;1 x 850;Moderate;Intel Xeon Family;;-;-;-;-;-;0.7510000000;;;0.7590000000;0.0250000000;;0.6450000000;0.6350000000;;;0.7590000000;0.7590000000;0.0250000000;;0.7100000000;;
r4.xlarge;r4.xlarge;4;30.5 GiB;EBS only;Up to 10 Gigabit;Intel Xeon E5-2686 v4 (Broadwell);2.3 GHz;-;-;-;-;Yes;2.0032000000;0.0000000000;1.7920000000;0.0000000000;0.3520000000;0.4196000000;0.6060000000;0.8000000000;0.4200000000;0.0000000000;1.7960000000;0.0000000000;0.9896000000;0.3432000000;1.0960000000;0.3120000000;0.7540000000
cc2.8xlarge;cc2.8xlarge;32;60.5 GiB;4 x 840;10 Gigabit;Intel Xeon E5-2670;2.6 GHz;-;-;-;-;-;;;;2.0000000000;;;4.9000000000;2.3490000000;;;4.8500000000;4.4100000000;;;;;
m1.large;m1.large;2;7.5 GiB;2 x 420;Moderate;Intel Xeon Family;;-;-;-;-;-;0.3330000000;;;0.0250000000;0.3330000000;;1.0490000000;0.2670000000;;;0.4350000000;0.0250000000;0.0250000000;;0.3570000000;;
t2.large;t2.large;2;8 GiB;EBS only;Low to Moderate;Intel Xeon Family;Up to 3.0 GHz;-;-;-;-;-;0.0000000000;0.1752000000;0.1624000000;0.1528000000;0.1168000000;0.1352000000;0.1688000000;0.2216000000;0.2206000000;0.0000000000;0.0000000000;0.1918000000;0.0000000000;0.0000000000;0.1768000000;0.1336000000;0.0000000000
t2.xlarge;t2.xlarge;4;16 GiB;EBS only;Moderate;Intel Xeon Family;Up to 3.0 GHz;-;-;-;-;-;0.2936000000;0.3428000000;0.3172000000;0.1856000000;0.2336000000;0.2144000000;0.2586000000;0.7646000000;0.2842000000;0.2532000000;1.7426000000;0.2856000000;0.0000000000;0.2112000000;0.3652000000;1.7522000000;0.2984000000
p3;p3;64;488 GiB;NA;NA;Intel Xeon E5-2686 v4 (Broadwell);2.3 GHz;-;-;-;-;-;43.8330000000;43.8330000000;29.6210000000;26.9280000000;43.8330000000;33.6420000000;32.3140000000;46.1380000000;;26.9280000000;29.0840000000;26.9280000000;;;;31.5830000000;
g2.8xlarge;g2.8xlarge;32;60 GiB;2 x 120 SSD;10 Gigabit;Intel Xeon E5-2670 (Sandy Bridge);2.6 GHz;-;-;-;-;-;0.0000000000;0.0000000000;;2.6000000000;4.1300000000;3.0880000000;;3.8700000000;;;2.9080000000;2.7000000000;3.0920000000;;0.0000000000;;
f1.16xlarge;f1.16xlarge;64;976 GiB;EBS only;20 Gigabit;Intel Xeon E5-2686 v4 (Broadwell);;-;-;-;-;-;;;;13.2000000000;;;0.0000000000;;;;14.5200000000;13.2000000000;0.0000000000;;;;
f1.2xlarge;f1.2xlarge;8;122 GiB;EBS only;Up to 10 Gigabit;Intel Xeon E5-2686 v4 (Broadwell);;-;-;-;-;-;;;;1.9150000000;;;0.0000000000;;;;1.8150000000;1.8150000000;2.2343000000;;;;
u-12tb1;u-12tb1;448;12288 GiB;EBS only;25 Gigabit;Intel Xeon Scalable (Skylake) processors;;-;-;-;-;-;;;;35.0880000000;;;;;;;;;;;;;
m4;m4;40;NA;NA;NA;Intel Xeon E5-2676 v3 (Haswell);2.4 GHz;-;-;-;-;-;3.0250000000;2.9770000000;2.6860000000;2.4200000000;3.0250000000;2.9040000000;;3.1220000000;3.1220000000;2.4200000000;2.6860000000;2.4200000000;2.8310000000;2.8070000000;3.8480000000;2.8070000000;2.5410000000
i2;i2;32;NA;NA;NA;Intel Xeon E5-2670 v2 (Ivy Bridge);2.5 GHz;-;-;-;-;-;8.9540000000;8.8040000000;;7.5020000000;8.9540000000;8.9120000000;9.0020000000;8.8040000000;;7.5020000000;8.2520000000;7.5020000000;8.2520000000;;;;8.5060000000
r4;r4;64;NA;NA;NA;Intel Xeon E5-2686 v4 (Broadwell);2.3 GHz;-;-;-;-;-;5.6180000000;5.6320000000;;4.6820000000;5.6320000000;5.6340000000;5.6180000000;5.6320000000;5.6320000000;4.6820000000;5.2170000000;4.6820000000;5.2170000000;5.4910000000;9.8560000000;;4.8220000000
m3;m3;8;NA;NA;NA;Intel Xeon E5-2670 v2 (Ivy Bridge/Sandy Bridge);2.5 GHz;-;-;-;-;-;3.2740000000;;;2.3410000000;3.4500000000;2.7720000000;2.9570000000;3.3880000000;;;2.5780000000;2.3410000000;2.7100000000;;3.3530000000;;
g2;g2;32;NA;NA;NA;Intel Xeon E5-2670 (Sandy Bridge);2.6 GHz;-;-;-;-;-;3.9510000000;;;2.8600000000;4.4000000000;3.3970000000;;3.9510000000;;;3.0890000000;2.8600000000;3.0890000000;;;;
c5d;c5d;72;NA;NA;NA;Intel Xeon Platinum 8124M;3.0 Ghz;-;-;-;-;-;4.9900000000;4.3560000000;4.1980000000;3.8020000000;4.4350000000;4.3960000000;;4.8310000000;;3.8020000000;4.3160000000;3.8020000000;4.7520000000;;;4.5540000000;
g3;g3;64;NA;NA;NA;Intel Xeon E5-2686 v4 (Broadwell);2.3 GHz;Yes;Yes;Yes;-;-;7.7180000000;;6.2300000000;;7.3480000000;6.2700000000;5.8080000000;6.9520000000;;5.0160000000;5.3240000000;5.0160000000;6.7500000000;;;;
c3;c3;32;NA;NA;NA;Intel Xeon E5-2680 v2 (Ivy Bridge);2.8 GHz;-;-;-;-;-;2.3290000000;;;1.8480000000;2.3290000000;2.2700000000;2.2180000000;2.2470000000;;;2.1030000000;1.8480000000;2.1030000000;;2.8600000000;;
i3;i3;64;NA;NA;NA;Intel Xeon E5-2686 v4 (Broadwell);2.3 GHz;-;-;-;-;-;6.5820000000;6.4420000000;6.0540000000;5.4910000000;6.5820000000;6.5470000000;6.6180000000;6.4420000000;6.4420000000;5.4910000000;6.0540000000;5.4910000000;6.0540000000;6.3710000000;10.0670000000;6.3710000000;6.2300000000
z1d;z1d;48;NA;NA;NA;Intel Xeon Platinum 8151;;-;-;-;-;-;;;;4.9100000000;5.9660000000;;;5.9930000000;;;5.4910000000;4.9100000000;5.5700000000;;;;
m5d;m5d;96;NA;NA;NA;Intel Xeon Platinum 8175;2.5 GHz;-;-;-;-;-;7.4980000000;7.3390000000;6.6530000000;5.9660000000;7.4450000000;7.1810000000;;7.7090000000;;5.9660000000;6.6530000000;5.9660000000;7.0220000000;;;6.9170000000;
r5;r5;96;NA;NA;NA;Intel Xeon Platinum 8175;;-;-;-;-;-;;;;6.6530000000;;;;;;6.6530000000;7.4450000000;6.6530000000;;;;;
c5;c5;72;NA;NA;NA;Intel Xeon Platinum 8124M;3.0 Ghz;-;-;-;-;-;4.3960000000;3.8020000000;3.6830000000;3.3660000000;3.8810000000;3.8410000000;4.0390000000;4.2370000000;;3.3660000000;3.8020000000;3.3660000000;4.1980000000;;5.1880000000;4.0000000000;3.3660000000
h1;h1;64;NA;NA;NA;Intel Xeon E5-2686 v4 (Broadwell);2.3 GHz;-;-;-;-;-;;;;4.1180000000;;;;;;4.1180000000;4.5670000000;4.1180000000;;;;;
x1;x1;128;NA;NA;NA;High Frequency Intel Xeon E7-8880 v3 (Haswell);2.3 GHz;Yes;Yes;Yes;-;-;21.2750000000;21.2750000000;16.1390000000;14.6720000000;21.2750000000;20.5410000000;17.6070000000;21.2750000000;;14.6720000000;17.6070000000;14.6720000000;;18.4870000000;;18.4870000000;20.2070000000
p2;p2;64;NA;NA;NA;Intel Xeon E5-2686 v4 (Broadwell);;-;-;-;-;-;;;;15.8400000000;;;;;;;17.1070000000;15.8400000000;;;;;
x1e;x1e;128;NA;NA;NA;High Frequency Intel Xeon E7-8880 v3 (Haswell);2.3 GHz;Yes;Yes;Yes;-;-;42.5570000000;;;29.3570000000;;41.0780000000;35.2000000000;42.5570000000;;;35.2000000000;29.3570000000;;;;;
u-6tb1;u-6tb1;448;6144 GiB;EBS only;25 Gigabit;Intel Xeon Scalable (Skylake) processors;;-;-;-;-;-;;;;17.5440000000;;;;25.4380000000;;;;;;;;;
r5d;r5d;96;NA;NA;NA;Intel Xeon Platinum 8175;;-;-;-;-;-;;;;7.6030000000;;;;;;7.6030000000;;7.6030000000;;;;;
f1;f1;64;NA;NA;NA;Intel Xeon E5-2686 v4 (Broadwell);;-;-;-;-;-;;;;13.2000000000;;;17.4240000000;;;;15.9720000000;14.5200000000;;;;;
u-9tb1;u-9tb1;448;9216 GiB;EBS only;25 Gigabit;Intel Xeon Scalable (Skylake) processors;;-;-;-;-;-;;;;26.3160000000;;;;;;;;;;;;;
